{"*":{"statements":"90.9%","statementsCovered":10,"statementsTotal":11,"statementsMaxHits":4,"conditions":"80.0%","conditionsCoveredPartially":2,"conditionsCoveredFully":3,"conditionsTotal":5,"conditionsMaxHits":2,"functions":"100.0%","functionsCovered":4,"functionsTotal":4,"functionsMaxHits":4,"switchBranches":"100.0%","switchBranchesCovered":4,"switchBranchesTotal":4,"switchBranchesMaxHits":2,"lines":"89.5%","linesCoveredPartially":2,"linesCoveredFully":16,"linesTotal":19,"linesMaxHits":4,"subDirectories":["src"],"subFiles":["index.ts"]},"src":{"statements":"88.9%","statementsCovered":8,"statementsTotal":9,"statementsMaxHits":4,"conditions":"75.0%","conditionsCoveredPartially":1,"conditionsCoveredFully":1,"conditionsTotal":2,"conditionsMaxHits":2,"functions":"100.0%","functionsCovered":2,"functionsTotal":2,"functionsMaxHits":4,"switchBranches":"100.0%","switchBranchesCovered":4,"switchBranchesTotal":4,"switchBranchesMaxHits":2,"lines":"90.0%","linesCoveredPartially":1,"linesCoveredFully":13,"linesTotal":15,"linesMaxHits":4,"subFiles":["src/index.ts","src/switch.ts"]},"src/index.ts":{"statements":"80.0%","statementsCovered":4,"statementsTotal":5,"statementsMaxHits":2,"conditions":"75.0%","conditionsCoveredPartially":1,"conditionsCoveredFully":1,"conditionsTotal":2,"conditionsMaxHits":2,"functions":"100.0%","functionsCovered":1,"functionsTotal":1,"functionsMaxHits":2,"switchBranches":"N/A","switchBranchesCovered":0,"switchBranchesTotal":0,"switchBranchesMaxHits":0,"lines":"75.0%","linesCoveredPartially":1,"linesCoveredFully":4,"linesTotal":6,"linesMaxHits":2,"encodedRanges":[2,0,0,0,45,2,0,1,2,1,6,2,1,1,6,1,11,1,1,0,2,4,2,23,1,0,4,4,4,8,1,1,4,8,4,14,0,1,0,5,6,5,24,1,0,7,6,7,24,0],"source":"export function calc1(a: number, b: number) {\r\n  if (a % 2) {\r\n    console.log(\u0022Yes\u0022);\r\n  } else {\r\n    if (b \u003E 10) {\r\n      console.log(\u0022NO\u0022);\r\n    } else {\r\n      console.log(\u0022no\u0022);\r\n    }\r\n  }\r\n}\r\n"},"src/switch.ts":{"statements":"100.0%","statementsCovered":4,"statementsTotal":4,"statementsMaxHits":4,"conditions":"N/A","conditionsCoveredPartially":0,"conditionsCoveredFully":0,"conditionsTotal":0,"conditionsMaxHits":0,"functions":"100.0%","functionsCovered":1,"functionsTotal":1,"functionsMaxHits":4,"switchBranches":"100.0%","switchBranchesCovered":4,"switchBranchesTotal":4,"switchBranchesMaxHits":2,"lines":"100.0%","linesCoveredPartially":0,"linesCoveredFully":9,"linesTotal":9,"linesMaxHits":4,"encodedRanges":[2,0,0,0,50,4,0,1,2,1,18,4,3,2,4,3,15,1,0,3,6,3,15,1,3,4,4,4,11,1,3,5,4,6,15,2,0,6,6,6,15,2,3,7,4,8,15,1,0,8,6,8,15,1],"source":"export function calcSwitch(a: number, b: number) {\r\n  switch (a \u002B b) {\r\n    case 1:\r\n      return 1;\r\n    case 2:\r\n    case 3:\r\n      return 2;\r\n    default:\r\n      return 3;\r\n  }\r\n}\r\n"},"index.ts":{"statements":"100.0%","statementsCovered":2,"statementsTotal":2,"statementsMaxHits":2,"conditions":"83.3%","conditionsCoveredPartially":1,"conditionsCoveredFully":2,"conditionsTotal":3,"conditionsMaxHits":2,"functions":"100.0%","functionsCovered":2,"functionsTotal":2,"functionsMaxHits":2,"switchBranches":"N/A","switchBranchesCovered":0,"switchBranchesTotal":0,"switchBranchesMaxHits":0,"lines":"87.5%","linesCoveredPartially":1,"linesCoveredFully":3,"linesTotal":4,"linesMaxHits":2,"encodedRanges":[2,3,0,3,44,1,0,4,2,4,15,1,2,7,0,7,54,2,0,8,2,8,8,2,1,8,9,8,10,1,1,1,8,10,8,15,1,1,1,8,34,8,39,0,2],"source":"import \u0022./src/index\u0022;\r\nimport \u0022./src/switch\u0022;\r\n\r\nexport function plus(a: number, b: number) {\r\n  return a \u002B b;\r\n}\r\n\r\nexport function fizzbuzz(i: number): number | string {\r\n  return (i % 3 ? \u0022\u0022 : \u0022fizz\u0022) \u002B (i % 5 ? \u0022\u0022 : \u0022buzz\u0022) || i;\r\n}\r\n"}}